ALFA ROMEO:;,147,2574000,;
,147,3150000,;
,ALFA ROMEO A1560 2.0,2845570,;
,156 JD,2359800,;
,156 VELOCE,3375000,;
,GTV,3876300,;
,SPIDER,4432500,;,ALFA ROMEO:;
AUDI:;,A3,2700000,;
,A3,3240000,;
,A3 SE(M),3465000,;
,A3 SE(A),3690000,;
,A4 TURBO QUATTRO,3915000,;
,A6 TURBO,4230000,;
,A6 TURBO SE(M),4590000,;
,A6 TURBO SE(A),4815000,;
,A6 SE (A),5427000,;
,A6 STDI,5580000,;
,AUDI 500,9497250,;
,Q7,6900000,;,AUDI:;
BEDFORD:;,BEDFORD MJT2,3887090,;BEDFORD:;
BMW:;,116I MANUAL,3700000,;
,116IAUTO,4000000,;
,116I MANUAL,3700000,;
,116I AUTO,4000000,;
,116I - COM,3250000,;
,116I DYN & COM,3350000,;
,116I - ADV,3200000,;
,116I E87 45 UE11 UE12,3604480,;
,116I E81 N45 UA11 UA12,3434380,;
,116D N47 UH51 UH52,3935280,;
,116D N47 UK51 UK52,3770840,;
,118D- CP,3550000,;
,118 D.- ADV,3800000,;
,118D-DYN,3800000,;
,118D-COM,3800000,;
,118D- DYN & COM,3900000,;
,118D- N47 UM91 UM92,5186680,;
,118I E88 CAB N46 UM31 UM32,4721250,;
,118I N46 UE71 UE72,3895950,;
,118I N46 UA31 UA32,3725850,;
,118D N47 UR11 UR12,4227350,;
,118D N47 UD71 UD72,4170640,;
,118D N47 UB31 UB32,4000540,;
,120I -CP,3650000,;
,120I -ADV,3880000,;
,120I  DYN,3830000,;
,120I -COM,3900000,;
,120I DYN & COM,3990000,;
,120I N46 UL51 UL52,5302610,;
,120I E82 COU N46 UC51 UC52,4323500,;
,120I N46 UD31 UD32,4292010,;
,120I N46 UA51 UA52,4121910,;
,120I AUTO,4300000,;
,120I MANUAL,4000000,;	
,120D CP,3712180,;
,120-ACP,3950000,;
,120 DYN,3900000,;
,120D-COM,3950000,;
,120D-COM& DYN,3990000,;
,120D N47 UM71 UM72,5486710,;
,120D N47 UMR1 UM32,4673840,;
,120D N47 UD91 UD92,4476230,;
,120D N47 UB51 UB52,4306120,;
,125I N52 UL91 UL92,6219480,;
,125I N52 UC31 UC32,5345200,;
,130I MANUAL,5008540,;
,130I N52 UD51 UD52,5809900,;
,130I N52 UB11 UB12,5639800,;
,135I N55 UN71 UN72,7497540,;
,135I N54 UC71 UC72,6744860,;
,316IAUTO,3500000,;
,316I E90 LIM N45 PF11 PF12,4347620,;
,318IAUTO,4819210,;
,318I N46 PF71 PF72,4347620,;
,320I MANUAL,4800000,;
,320I AUTO,5100000,;
,320D,5195360,;
,320D N47 KK11 KK12,5853330,;
,320ED,5195360,;
,320I E93 CAB N46 DV31 DV32,6617950,;
,320I E92 COU N46 KD51 KD52,5334100,;
,320I N46 PG51 PG52,4653930,;
,325I MANUAL,6098710,;
,325I AUTO,6100000,;
,325I N52 DW11 DW32,7214270,;
,325I N52 KE31 KE32,6098710,;
,325I N52 PH11 PH12,5431820,;
,330I MANUAL,6150000,;
,330I AUTO,6829430,;
,330I  N52 DX31 DX32,7983590,;
,330I  N52 KG31 KG32,6829430,;
,330I  N52 PM31 PM32,6104990,;
,330D,6391510,;
,330D N57 KK71 KK72,7129220,;
,335I,7355180,;
,335I N55 DX71 DX72,8308120,;
,335I N54 KG71 KG72,7355180,;
,335I N54 PM51 PM52,6573310,;
,520I,4521740,;
,523I,6524570,;
,525I MANUAL,7350000,;
,525I AUTO,7650000,;
,525D,6823880,;
,528I AUTO,7018230,;
,530D N57 FW51 FW52,7578480,;
,530D N57 SN61 SN62,8603560,;
,535IN55 FR71 FR72,7811920,;
,535I F07 GT N55 SN21 SN22,8822400,;
,535D N57 SN61 SN62,9425720,;
,550I N63 FR91 FR92,11058500,;
,550I N63 SN41 SN42,11912600,;
,630I  E63 COU N52 EA11 EA12,11082100,;
,630I  E64 CAB N52 EA11 EA12,11082100,;
,650I  N62 EA51 EA52,12467200,;
,650I  N62 EA51 EA52,14661500,;
,730IAUTO,11619000,;
,730I F02 LIM N52 KB21 KB2,12500000,;
,730I F02 LIM N52 KB21 KB2,12342400,;
,730D,10949300,;
,730LD N57 KM41 KM42,11687500,;
,735I,14466700,;
,740I N54 KA41 KA42,12485900,;
,740LI N54 KB41 KB4,13184400,;
,745IA,15260500,;
,750I N63 KA81 KA82,14096800,;
,750I XDRIVE N63 KC61,15073400,;
,750LI N63 LB81 KB82,14725300,;
,750LI XDRIVE N63 KC81,15701900,;
,760I N74 KA01,22061200,;
,760LI N74 KB01 KB02,23728000,;
,X1 XDRIVEN VL51 VL52,5769250,;
,X1 XDRIVEN VM31,6385600,;
,X1 SDRIVEN VN11 NV12,4385750,;
,X1 SDRIVEN VP31 VP32,4721970,;
,X1 SDRIVEN VN31 VN32,4655260,;
,X1 XDRIVEN VP31 VP32,5061450,;
,X1 XDRIVEN VP51 VP52,5514580,;
,E84 SAV X1 SDRIVEN 184I6 VL31 VL32,4067500,;
,X3 XDRIVE20NI 46 PC32,5549320,;
,X3 XDRIVE25NI 52 PC71,6355800,;
,X3 XDRIVE25NI 52 PC72,6429630,;
,X3 XDRIVE30NI 52 PC91,6793600,;
,X3 XDRIVE30NI 52 PC92,6867550,;
,X3 XDRIVE20ND 47 PE11,5678280,;
,X3 XDRIVE20ND 47 PE12,5736670,;
,X3 XRIVE30MD57 PD91,6731110,;
,X3 XRIVE30D M57 PC92,6804940,;
,E83 SAV X3 XDRIVEN20NI 46 PC31,5475490,;
,X5 3.0I,7950000,;
,X5 3.0IA,8250000,;
,X5 3.0D,8150000,;
,X5 4.4I AUTO,10000000,;
,X5 4.8I AUTO,12000000,;
,X5 XDRIVE50NI 63 ZV81 ZV82,11671200,;
,X5 M S63 GY01 GY02,16878400,;
,X5 XDRIVEN35MI 55E70SAV  ZV41 ZV42,8141030,;
,X6 XDRIVE50NI 63 FG81 FG82,12056500,;
,X6 M N63 GZ01 GZ02,17210100,;
,X6 XDRIVE30ND57 FH61 FH62,8622980,;
,M3 S65 KG91 KG92,11105800,;
,M3 S65 DX91 DX92,12392300,;
,M3 S65 PM91 PM92,10607200,;
,M6 S85 EH91 EH92,19230900,;
,M6 S85 EK91 EK92,20517700,;
,Z4 E89 ROA SDRIVE23NI 52 LM32,5718940,;
,Z4 E89 ROA SDRIVE30NI 52 LM51 LM52,6614810,;
,Z4 E89 ROA SDRIVE35NI 54 LM71 LM72,7065400,;
,Z4 E89 ROA SDRIVE35NIS 54 LM11 LM12,8574940,;
,BMW MINI COOPER,2950000,;
,BMW Z3 ROADSTER,4200000,BMW:;
CHEVROLET:;,AVEO AVEO N/B T250,1770000,;
,OPTRA MANUAL,2045000,;
,OPTRA AUTO,2224000,;
,OPTRA AUTO LOADED,2458000,;
,CAPTIVA MANUAL,3353000,;
,CAPTIVA AUTO,3769000,;
,CAPTIVA AUTO LOADED,3839000,;
,AVEO NOTCHBACK,1450000,;
,AVEO,1395000,CHEVROLET:;
CHRYSLER;,200,3121680,;
,300 TOURING,4421780,;
,300 TOURING PLUS,4598580,;
,300 TOURING SIGNATURE SERIES,5171990,;
,300 V6 RWD,5171990,;
,300 TOURING AWD SIGNATURE SERIES VP,5506980,;
,300 C AWD,6496410,;
,PT CRUISER CLASSIC,2964340,;
,SEBRING TOURING,3245500,;
,SEBRING LIMITED,3587220,;
,TOWN AND COUNTRY LX NEW,4221450,;
,TOWN AND COUNTRY TOURING,4643190,;
,TOWN ANND COUNTRY TOURING PLUS,5297700,;
,TOWN AND TOURING WATTER P CHRYSLER SIGNATURE SERIES,5313920,;
,SEBRING CONVERTIBLE LX ,4517480,;
,SEBRING CONVERTIBLE TOURING,4738080,;
,SEBRING CONVERTIBLE LTD,5305810,;
,SEBRING CONVERTIBLE,3446100,;
,200 TOURING,3851920,CHRYSLER:;
CITROEN:;,CITROEN RELAY,4500000,;
,BERLINGO,1611000,;
,XSARA,1962000,;
,XANTIA,2421000,CITROEN:;
DAIHATSU:;,TERIOS DX MANUAL,2580000,;
,TERIOS DX MANUAL (WITH AIR CON),2679000,;
,TERIOS SX FULLY LOADED MANUAL,2949000,;
,TERIOS AUTOMATIC EFI FULLY LOADED,3048000,;
,YRV,1560300,;
,FEROZA,2089850,DAIHATSU:;
DAEWOO:;,CIELO GL-A,855000,;
,CIELO GLX,1152000,;
,CIELO GTX,115200,;
,MATIZ S,697500,;
,LANOS S,882000,;
,LANOS SE,1062000,;
,LANOS SX,1332000,;
,NUBIRA SE,1341000,;
,NUBIRA SX,1431000,;
,NUBIRA CDX,1611000,;
,ESPERO CD,2115000,;
,LEGANZA CDZ,2115000,;
,EICHER SKYLINE BUS,2025000,DAEWOO:;
FIAT:;,PALIO ED,1065600,;
,SIENA EL,1513800,;
,SIENA EL,1570500,;
,SIENA ELX,1790100,;
,WEEKEND ELX,1970100,FIAT:;
FORD:;,BANTAM 1.3,1250000,;
,BANTAM 1.6I,1650860,;
,BANTAM 1.8,1491750,;
,F250 D/C XLT,5862350,;
,F250 S/C XL,3887090,;
,FOCUS 1.6,2120000,;
,FOCUS H/BACK,2290000,;
,FORD FOCUS,2175000,;
,FORD 2500 1 TON 4 X 4 D/C - XLT,2995000,;
,RANGER 2.5 4X2 SC,1685000,;
,RANGER 2.5 4X4 SC (NM),2170000,;
,RANGER 2.5 D/C 4X2 P/UP (NM),2226370,;
,RANGER 2.5 D/C 4X4 BASE P/UP (NM),2575000,;
,RANGER 2.5 D/C XLT (NM),2995000,;
,RANGER 2.9 (1 TON LWB 4X4 S/C - XL),2275000,;
,RANGER 2.9 BASE (1 TON 4 X 4)DC P/U (DCAB),2375000,;
,RANGER 2.9 BASE (1TON LWB 4X4 S/C),1914950,;
,RANGER 2.9 DELUXE 4X4,2725000,;
,FORD TERRITORY,5742000,;
,FORD TERRITORY,6029100,;
,FORD MONDERO(AUTOMATIC),3761370,;
,FORD EVEREST  TDI,3798000,;
,FORD TELESTAR,1276030,;
,FORD COURIER,1625000,FORD:;
HONDA:;,CIVIC EXI,1575000,;
,CIVIC EXI-ABS,1665000,;
,HRV,2115000,;
,CRV,3060000,;
,ACCORD,1942500,;
,FIT,1380690,;
,PARTNER,1500000,;
,ODYSSEY,2798800,HONDA:;
HUMMER:;,H3 M/T,6225000,;
,H3 A/T,6345000,HUMMER:;
HYUNDAI:;,ACCENT 1.5GLS,1276090,;
,ACCENT 1.5GLS,1389850,;
,ACCENT 1.5LS A/C,1200000,;
,ATOS F LS AC 1.0,780000,;
,ELANTRA AUTO,1621910,;
,ELANTRA MANUAL,1503940,;
,ELANTRA MANUAL,2172350,;
,H-100 6 SEATER,1400000,;
,H-100 9 SEATER,1400000,;
,H-100 12 SEATER BUS,990000,;
,H-100 AU TRUCK,990000,;
,H-100 VAN,2795750,;
,SANTA FE,3082570,;
,SANTA FE AUTO,1650000,;
,SONATA GLS Y4,2915500,;
,SONATA GLS Y4 V6 AUTO,1503940,HYUNDAI:;
ISUZU:;,FRR 33 - MEDIUM BUS,4092000,;
,FRR 33L - CC,3990000,;
,FRR 33L- CAB BUS STD,4907000,;
,FRR 33L- CAB BUS SEMI LUXURY,5023000,;
,FRR 33L- CAB BUS LUXURY,5142000,;
,FRR 33L- CAB BUS SPECIAL EDITION,5397000,;
,FRR 33L- COWL STD,4690000,;
,FRR 33L- COWL SEMI LUXURY,4806000,;
,FRR 33L- COWL LUXURY,4925000,;
,FRR 33L- COWL SPECIAL EDITION,5180000,;
,FSR 33H(LONG WHEEL BASE),5501000,;
,FSR 33H BUS CHASSIS,4743000,;
,FTS 33 H,7271900,;
,FTS 33F CAB AND CHASSIS,8545000,;
,FVR 23M CC,5963000,;
,FVX 23S CC,7331000,;
,FVZ 23S CC,8068000,;
,MV 123 SWB BUS STD,7962000,;
,MV 123 SWB BUS SEMI LUXURY,8166000,;
,MV 123 SWB BUS LUXURY,8342000,;
,MV 123 SWB BUS SPECIAL EDITION,8613000,;
,MV 123 LWB BUS STD,8319000,;
,MV 123 LWB BUS SEMI LUXURY,8434000,;
,MV 123 LWB BUS LUXURY,8604000,;
,MV 123 LWB BUS SPECIAL EDITION,8969000,;
,NHR 55 E CC,1821000,;
,NHR 55 CAB,1513000,;
,NKR 66 CAB CHASSIS,2426000,;
,NKR 66 CAB BUS,2156000,;
,NPR 66 CAB CHASSIS,2822000,;
,NPR 66 CAB BUS ONLY(CHASSIS),2460000,;
,NPR 29 SEATER BUS SEMI LUXURY,3283000,;
,NQR 66 BUS,3159700,;
,NQR 66 CAB,2850000,;
,NQR 66R CAB CHASSIS,3419000,;
,NQR 70,3419000,;
,NQR 33 SEATER BUS SEMI LUXURY,3530000,;
,NQR MAX 37 SEATER BUS SEMI LUXURY,3800000,;
,JOURNEY BUS KK-SBVW41,2807000,;
,KB300 DC,3488400,;
,TFR 32 S/C I-190 4X2,1979000,;
,TFR 54 S/C I-190 4X2,1979000,;
,TFS 54 D/C,2395000,;
,TFS 77 D/C,2750000,;
,TFS 77 S/C,1950000,;
,TFS85 I-190 4X4 S/C,2421000,;
,TFS85 I-190 4X4 D/C,3700000,;
,TFS85 I-190 4X4 D/C ACCESSORIZED,3882000,;
,TFR 30,1395000,;
,TFS 54 S/C,1550000,;
,TFS 54 I-190 4X4 D/C,2650000,;
,TFS 54 I-190 4X4 D/C ACCESSORIZED,2766000,;
,COMO,2408080,;
,ISUZU BIGHORN,5050000,;
,TROOPER(UBS 25),4335750,;
,ISUZU PRIME MOVER,8200000,ISUZU:;
IVECO:;,ML 170 E IVECO,3929400,;
,IVECO ML 140E 18,6547780,;
,IVECO ML 2111 TURBO ,4966620,;
,MP380 E 37H/IP/MOVER,12500000,;
,MP70 E IVECO,10692600,;
,MP720,10169300,;
,STRALIS 6X2,8000000,;
,BERLINGO,1395000,;
,XANTIA,1395000,;
,XSARA,1995000,IVECO:;
JAC:;,JAC HFC1020 4X2 S/CAB LIGHT TRUCK,1720000,;
,JAC HFC1048 4X2 S/CAB LIGHT TRUCK,2095000,;
,JAC HFC1063 4X2 S/CAB LIGHT TRUCK TURBO,2425000,JAC:;
JAGUAR:;,JAGUAR S-TYPE,5037700,;
,JAGUAR X-6 TYPE,4550000,;
,XJ V6 PREMIUM LUXURY,10957900,;
,XJ V6 PORTFOLIO,12554600,;
,XJ PREMIUM LUXURY,13168300,;
,XJ V8 PORTFOLIO,14781700,;
,XJ V8 PORTFOLIO SUPERCHARGED,16189800,;
,XJ V8 SUPERCHARGED,18243700,;
,XJ V8 SUPERCHARGED LWB,19014000,;
,XK COUPE LUXURY,12026200,;
,XK CONVERTIBLE LUXURY,12974800,;
,XK COUPE PORTFOLIO,12737600,;
,XK CONVERTIBLE PORTFOLIO,13685400,;
,XK SUPERCHARGED COUPE R,14189900,;
,XK SUPERCHARGED CONVERTIBLE R,15138500,;
,XF V6 LUXURY,6415250,;
,XF V6 PREMIUM LUXURY,7292700,;
,XF V6 LUXURY,6818580,;
,XF V6 S PREMIUM LUXURY,8087300,;
,XF V6 PORTFOLIO,8656300,;
,XF V8 PREMIUM LUXURY,9157470,;
,XF V8 PORTFOLIO,9750340,;
,XF V8 SUPERCHARGED R,11494600,JAGUAR:;
JEEP:;,JEEP COMMANDER,7076250,;
,JEEP CHEROKEE KK,4812500,;
,JEEP CHEROKEE 2.8 SPORT 5 SPEED AUTO,5175250,;
,JEEP GRAND CHEROKEE ?OVERLAND? 3.0L FOUR WHEEL DRIVE COMMON ,4849250,;
,JEEP GRAND CHEROKEE ?OVERLAND? 2.8L FOUR WHEEL DRIVE CRD LTD,5684620,;
,JEEP GRAND CHEROKEE ?OVERLAND? 3.0L FOUR WHEEL DRIVE CDI  6 ,7457250,;
,JEEP WRANGLER SAHARA 2 DOOR FOUR WHEEL DRIVE COMMON RAIL DIE,5012250,;
,JEEP WRANGLER 4 DOOR FOUR WHEEL DRIVE COMMON RAIL DIESEL INJ,5175250,;
,JEEP GRAND CHEROKEE CHRYSLER,7480000,JEEP:;
KIA:;,CERATO 1.6,2100000,;
,K2700,1350000,;
,RIO 1.3 RS,1150000,;
,RIO 1.4,1320000,;
,RIO 1.5 LS,1400000,;
,SORENTO XM 2.2 A/T,4050000,;
,SORENTO 2.5 D M/T,3750000,;
,SORENTO 2.4 XM A/T,3850000,;
,SPORTAGE 2.0 M/T,2850000,;
,SPORTAGE 2.0 M/T,3000000,;
,SPORTAGE 2.0 A/T,3100000,;
,SPORTAGE 2.0 A/T,3200000,;
,KIA K2700 DSL DROPSIDE BODY,1650000,;
,KIA K2700 DSL CAB AND CHASSIS,1425000,;
,KIA K2700 DSL HIGH DECK,1675000,;
,SHUMA 1.6 LS,1650000,;
,CARENS,2100000,;
,PICANTO 1.1L,1235000,;
,CARNIVAL 2.7L,3025000,;
,SEDONA LE KNEUP75,4112310,KIA:;
ROVER:;,DEFENDER 110 TD4 - CC,3700000,;
,DEFENDER 110 TD4 FBU,4200000,;
,DEFENDER 110 TD4 - P/UP,3750000,;
,DEFENDER 110 TDI - PU(FBU),3850000,;
,DEFENDER 110 TDI - SW(FBU),4700000,;
,DEFENDER 110 TDI - SAFARIWAGON,4135000,;
,DEFENDER 110 TDI - CC(CKD),3300000,;
,DEFENDER 110 TDI - PU(CKD),3450000,;
,DEFENDER 110 TDI - SW(CKD),4200000,;
,DEFENDER 130 TDI - SW(CKD),5300000,;
,DEFENDER TD4 SAFARIWAGON,4500000,;
,DEFENDER TD4 FBU,5200000,;
,DEFENDER TD4 P/UP FBU,3950000,;
,DEFENDER TD4 GAMEVIEWER,4200000,;
,FREELANDER 5DR 2.0L DIESEL,4400000,;
,FREELANDER 5DR 2.0L AUTO(II'E'),4900000,;
,FREELANDER 2.2D 5DR E,4750000,;
,FREELANDER 2.2D 5DR S,4800000,;
,FREELANDER 2.2D 5DR SE,5700000,;
,FREELANDER 2.2D 5DR HSE,5900000,;
,FREELANDER 2.0 KV6,4100000,;
,FREELANDER 2.5 KV6,5125000,;
,DISCOVERY TD5 (7 SEATS),4980000,;
,DISCOVERY ES V8 (7 SEATS),10500000,;
,NEW DISCOVERY III - SE (MANUAL),8300000,;
,DISCOVERY III TDV6 S SPECIAL,7300000,;
,DISCOVERY III TDV6 HSE,9500000,;
,NEW DISCOVERY 2.7L TDV6 S,6900000,;
,NEW DISCOVERY 2.7L V6 PE SE HIGH SPEC,8300000,;
,NEW DISCOVERY 2.7L TDV6 HSE,10200000,;
,NEW DISCOVERY 4.0L V6 PE SE,8300000,;
,NEW DISCOVERY 4.4L V8 PE HSE,11000000,;
,NEW RANGE ROVER 3.0L DIESEL,12680000,;
,NEW RANGE ROVER 4.4 L V8 PETROL,15600000,;
,NEW RANGE ROVER MODEL 2006,15500000,;
,NEW RANGE ROVER 3.6L TDV8 HSE,14500000,;
,NEW RANGE ROVER 3.6L TDV8 VOGUE,15000000,;
,NEW RANGE ROVER 3.6L TDV8 VOGUE SE,16000000,;
,NEW RANGE ROVER 4.4L V8 HSE,15500000,;
,NEW RANGEROVER  4.4L V8 VOGUE,16000000,;
,NEW RANGE ROVER 4.4L V8 VOGUE SE,17000000,;
,NEW RANGE ROVER 4.2L V8 SC VOGUE,17000000,;
,NEW RANGE ROVER 4.2L V8 SC VOGUE SE,18000000,;
,RANGE ROVER SPORT 3.6L TDV8 SE,12500000,;
,RANGE ROVER SPORT 4.2 L,16500000,;
,RANGE ROVER SPORT 4.2P,14000000,;
,RANGE ROVER SPORT 2.7L TDV6 HSE,9600000,;
,RANGE ROVER SPORT 3.6L TDV8 HSE,11000000,;
,RANGE ROVER SPORT 4.4LV8 HSE,10800000,ROVER:;
LEYLAND:;,LEYLAND DAF 85 TRACTOR YOM;2003,4868180,;
,ASHOK LEYLAND 80.14,2668000,;
,ASHOK LEYLAND 90.16,2900000,;
,ASHOK LEYLAND 1518,3944000,;
,ASHOK LEYLAND 2516 HAULAGE,4500800,;
,ASHOK LEYLAND 2516 TIPPER,5336000,;
,ASHOK LEYLAND 4921 TRACTOR,5220000,;
,ASHOK LEYLAND LYNX BUS,3500000,LEYLAND:;
MAHINDRA:;,BOLERO SINGLE CAB 4 X 2,1550000,;
,BOLERO SINGLE CAB 4 X 4,1770000,;
,BOLERO DOUBLE CAB 4 X 4,2100000,;
,BOLERO DOUBLE CAB 4 X 2,1700000,;
,SCORPIO SINGLE CAB 4 X 2,1775000,;
,SCORPIO SINGLE CAB 4 X 4,1975000,;
,SCORPIO DOUBLE CAB 4 X 4,2450000,;
,SCORPIO SUV 4 X 4(STD),2600000,;
,SCORPIO SUV 4 X 4(DIX),2700000,MAHINDRA:;
MARUTI:;,ALTO LX,900000,;
,GYPSY 1.3 S/TOP (PICK-UP),1050000,;
,GYPSY 1.3 H/TOP,1350000,;
,OMNI CARGO VAN,695000,;
,OMNI PASS - 5 SEATER,795000,;
,SWIFT VXI,1250000,;
,SWIFT ZXI,1500000,;
,ZEN EURO-STD,652500,;
,ZEN EURO AC,697500,;
,ZEN EURO AC,715500,;
,ZEN EURO STD,675000,MARUTI:;
MAZDA:;,323 ASTINA,1606500,;
,323 ETUDE 1600 A/C,1732500,;
,323 MIDGE 1.3,1394380,;
,323 STING,1254940,;
,MAZDA DEMIO,1670590,;
,MAZDA FAMILIA,2187500,;
,MAZDA BONGO FRIENDEE,4650280,;
,MAZDA BONGO,2250000,;
,MAZDA CAPELLA(MANUAL),2200000,;
,B 2500 H/RIDER,1665000,;
,B 2500 STD,3172300,;
,B1800,1255000,;
,MAZDA TITAN S/CAB,1400000,;
,BT50 S/C 4X2 2.5 TDI. DROP SIDE BODY,1685000,;
,BT50 S/C 4X2 2.5 TDI. ENCLOSED VAN BODY,1785000,;
,BT50 D/C 4X4 2.5 TDI.,2675000,;
,MAZDA 6 SALOON 1.8,2490000,;
,MAZDA MILLENIA,2482890,;
,MAZDA PREMACY 1.8 L MZR I4,2004710,;
,MAZDA PREMACY 2.0 L MZR I4,2227450,;
,MAZDA PREMACY MZ-CD DIESEL I4,2350000,;
,MAZDA PREMACY MZR I4,2450200,;
,T 3500 C/CAB,2117000,;
,T 4000 4TON C/CAB,2232300,;
,T4000 TRUCK,3025120,;
,TRIBUTE,4316670,;
,TRIBUTE,2950000,;
,T400 MANYANGA,3457280,;
,T350 MANYAGA,3025120,MAZDA:;
MERCEDES:;,MERCEDES SMART CAR,1056000,;
,A150 CLASSIC,2628000,;
,A150 ELEGANCE,2810500,;
,A190 (GF 168032),3379670,;
,ACTROS 1835/1840,7000000,;
,ACTROS 2040S 4X2 V6 LA 349HP,8580000,;
,ACTROS 2540,8000000,;
,ACTROS 3330,10627000,;
,ACTROS 3331S 6X4 V6 LA 349HP,9412000,;
,ACTROS 3340S 6X4 FULLY LOADED V6 LA 349HP,9724000,;
,ACTROS 3340S 6X4 LOWER SPECS V6 LA 349HP,9412000,;
,ACTROS 3348S 6X4 LOWER SPECS V8 LA 476HP,10566400,;
,1823 ATEGO,9600000,;
,1017 ATEGO,5619470,;
,815 ATEGO,4265860,;
,1528ATEGO,8973550,;
,2628 ATEGO,12403100,;
,1017 ATEGO,5619470,;
,C180 CLASSIC,4449350,;
,C180 KOMPRESSOR,4790320,;
,C180 CGI BLUE EFFICIENCY AUTO CLASSIC(W204),4115750,;
,C200K ,5299800,;
,C200K ,5526840,;
,C200 CGI AUTO ELEGANCE(W204),4718850,;
,C230 KOMPRSSOR SEDAN,5213310,;
,C230K SPORT MANUAL,5848600,;
,C 240 SEDAN,5365570,;
,C240 T MODEL,5617900,;
,C250TD CLASSIC MANUAL,4861240,;
,C250D SEDAN,4739650,;
,C250 TD SEDAN,5260070,;
,C250TD T MODEL,5312300,;
,C280 ELEGANCE AUTO,6342280,;
,C280 T MODEL,5959390,;
,C280 SEDAN,5717070,;
,190E,3801670,;
,E 200K AUTOMATIC,6679500,;
,E 200K MANUAL,6387500,;
,E200 SEDAN,4835970,;
,E200T MODEL,5200690,;
,E200 CGI(184HP) AUTO,5664250,;
,E220D SEDAN,5023570,;
,E230 T SEDAN,5971060,;
,E230K AUTO,6239960,;
,E230 MANUAL,6093600,;
,E 240,7500000,;
,E250D SEDAN,5366060,;
,E250 CGI(204HP),5827250,;
,E280 AUTO,7482500,;
,E280 MANUAL,6384540,;
,E300 TD T MODEL,6530740,;
,E300 TD SEDAN,6144980,;
,E300 AUTO 7 SPEED,6112500,;
,E320 SEDAN,8183890,;
,E320 T MODEL,8648040,;
,E320 AUTO,9106080,;
,E350 CDI AUTO,9500000,;
,S280 SEDAN,8288980,;
,S320 MANUAL,10570300,;
,S320 AUTO,10910600,;
,S320 LWR SEDAN,11289100,;
,S350L,13214300,;
,S350L,13969400,;
,S420 SEDAN,12803100,;
,S420 AUTO,13532700,;
,S 500,15876200,;
,S500 AUTO ,15007600,;
,CL420 COUPE,16334100,;
,CL500 COUPE,16943300,;
,CL600 COUPE,21750000,;
,CLK230 K COUPE,5880150,;
,CLK320 COUPE,8172230,;
,ML 280 CDI,7884000,;
,ML 300 TURBO INTERCOOLER 6 CYL LOW SPEC AUTO,7074200,;
,ML 320 CDI,8891400,;
,ML 350 CDI TURBO INTERCOOLER 6 CYL HIGH SPECS,7807700,;
,SEL 300,13697800,;
,SL320 ROADASTER,13470100,;
,SL500 ROADSTER,16541100,;
,SL600 ROADSTER,21093600,;
,SLK200,6632270,;
,SLK200,6032080,;
,SLK230,7238220,;
,MB 313 SPRINTER VAN,3387780,;
,MB 308 SPRINTER VAN,3852000,;
,MB 413 VAN,3772760,;
,GL350 CDI,10269000,MERCEDES:;
MITSUBISHI:;,COLT,1600000,;
,CANTER FE515B8RB12,2150640,;
,CANTER FE635E6RB11,2679600,;
,CANTER FE635E6RB11 (BUS),2151800,;
,CANTER FE659F6RB11,3166800,;
,CANTER FE659F6RB11 (BUS),2575200,;
,CANTER FE83CEV 4D33,2774920,;
,CANTER FE83CEV 4D33,3230020,;
,CANTER FE83,3461000,;
,DELICA,1955000,;
,DELICA,2360000,;
,FE635/ KK-FE51CB,1669500,;
,FH - FH215JBRB11,4280400,;
,FH - FH215JBRB11,4495000,;
,FH - FH215JBRB11 (BUS),3340800,;
,FM657LR11 (BUS),3844190,;
,FM657LRB11 (TRK),4423420,;
,FN 627 RSR B11,6984000,;
,FUSO - FV517JR2RB11,5782120,;
,FUSO FM615LHRB11 (BUS),5794200,;
,FUSO FM615LHRB11 (TRK),5794200,;
,FUSO FM657LRB11 4X2 TURBO,6565600,;
,FUSO FN 617RSRB11 6X2,8107240,;
,FUSO FN 627RSRB11 6X4,9013200,;
,FUSO FK618K,6871400,;
,FUSO FK618K,7200000,;
,FUSO FV 515HRRB11,7760000,;
,FUSO FV517JR2RB1A 6X4,9040000,;
,GALANT - EA2ASNHER,2586800,;
,GALANT - EA2ASRHER AUTO (K97),2586800,;
,L200 - K12TUNSRK,1334000,;
,L200 - K14TUNSRK,1461600,;
,L200 - K34TUNSRK,1705200,;
,L200 - K74TJENSR/AC (LA4),2737600,;
,L200 - KA4TNENMR,1850000,;
,L200 - KB7TNNENMR LSD,2509080,;
,L200 - KB7TNJNMR,3100680,;
,L200 - KB4TGJNXZR,3437000,;
,L200 - KB8TGJRXZR TURBO CHARGED DID,3845400,;
,LANCER - CS1ASNDEBR,1075000,;
,LANCER - CS1ASNDR (H29),1600000,;
,LANCER - CS3ASNJEBR,1954600,;
,LANCER - CS3ASTJER,2140200,;
,LANCER - CS3ASTJER,2472580,;
,LANCER - CT9ASNDFZR,2698220,;
,LANCER - CY2ASNSHR GLX MANUAL,2070000,;
,LANCER - CY2ASNSHR GLX AUTO,2289840,;
,LANCER - CY2ASNSR,2027190,;
,LANCER - CY2ASRSHR,2025350,;
,LANCER - CY4ASTMHR GLS AUTO,2825760,;
,LANCER - CY4ASTXHR GT  AUTO,3152880,;
,NATIVA - K97WGRHFR ICT AUTO,3897000,;
,OUTLANDER - CU4WXRHEZR,3654000,;
,OUTLANDER-CW5WXTSHZR,4060000,;
,OUTLANDER-CW5WXTSHZR LEATHER SEAT,4234000,;
,PAJERO MINI,938325,;
,PAJERO - V31WNHERK A/C,3196960,;
,PAJERO - V31VNDRK1 A/C,2861720,;
,PAJERO - V36WHNRK,3306000,;
,PAJERO - V44W,3951120,;
,PAJERO - V46W,4524000,;
,PAJERO - V46W,4524000,;
,PAJERO - V55W,5946620,;
,PAJERO - V73WLRXVR,5336000,;
,PAJERO-V73WLNHVR OPT D54,5336000,;
,PAJERO - V75W,6293000,;
,PAJERO - V76WLNDFR,4129600,;
,PAJERO - V78WLYXFQR,5626000,;
,PAJERO - V93WLRXVR MPI GLS,6479760,;
,PAJERO - V96WLNHFR GLS,4865910,;
,PAJERO - V96WLNXFR GLX,5108640,;
,PAJERO - V96WLNDFR GL,4268400,;
,PAJERO - V98WLYHZQR,6150900,;
,PAJERO - V98WLYXZSR DI DC GLS,6757000,;
,ROSA BE637JRMSH,3750000,;
,ROSA BUS BE637JRSH,3475000,;
,ROSA BUS BE637JRMSH,5500000,;
,PAJERO IO,2198200,;
,PAJERO IO,2402400,;
,MITSUBISHI MINIBUS,1000000,;
,SHOGUN,5946620,;
,MITSUBISHI CARISMA,1978380,;
,MITSUBISHI AIRTREK,2450000,;
,DION EXCEED,2925590,;
,GRANDIS/CHARIOT,3478840,;
,RVR,3000000,MITSUBISHI:;
NISSAN:;,CIVILIAN BUS W41 FLEET VERSION,6500000,;
,CIVILIAN BUS W41 TOURIST VERSION,6900000,;
,CUBE,1835400,;
,DATSUN,990000,;
,HARDBODY J21 NML(4X2)-MANUAL,1825000,;
,HARDBODY J05/J21,1495000,;
,HARDBODY J22/J20,1995000,;
,HARDBODY J21,1625000,;
,HARDBODY J23/J25,2100000,;
,HARDBODY J24/J28,2450000,;
,HARDBODY J26/J29,2750000,;
,HARDBODY J43/J48,2475000,;
,HARDBODY J43 HIGHRIDER,2475000,;
,HARDBODY J44(4X2),2425000,;
,HARDBODY J45,2775000,;
,HARDBODY J46(4X2)-MANUAL,1975000,;
,HARDBODY J66/J70 (LUXURY)/,2950000,;
,HARDBODY J81 4X4-MANUAL,2385000,;
,HARDBODY J83,2980000,;
,HARDBODY J84 4X4,3090000,;
,HARD BODY J84 4X4-MANUAL,3190000,;
,HARD BODY J84 4*4,3090000,;
,HARD BODY J85 (LUXURY),2980000,;
,HARD BODY J85 (LUXURY) NML,3580000,;
,HARD BODY J86 TD 4X4,3468000,;
,HARD BODY 4X2 X56,1832000,;
,HARD BODY 4X2 X56 WITH A/C,1948800,;
,HARD BODY 4X4 X82,2280000,;
,HARD BODY 4X2 X40,2595000,;
,NAVARA  4X4 D/CAB SE-6M/T STD,3300000,;
,NAVARA  4X4 D/CAB LE-6M/T WIDE,3675000,;
,NAVARA  4X4 D/CAB LE-5A/T WIDE,3900000,;
,MINI BUS E24 P,2475000,;
,MINI BUS E24 D,2680000,;
,PATROL TDI GL Y61,6850000,;
,PATROL 3.0L TDI GRX Y61,7850000,;
,PATROL STD Y61(PROJECT VEHICLE),5250000,;
,PATROL Y61 GL 4.2 GL,5750000,;
,PATROL Y61 4.2L SGL,7675000,;
,PATROL GRX(AUTO) Y61,8528000,;
,PATROL PICK UP,3390000,;
,F B14/16,1471500,;
,F B14,1525500,;
,F B15,1782000,;
,F B16,1782000,;
,SUNNY N161300 FE,1695000,;
,SUNNY N16 1300EX,1795000,;
,SUNNY N16 1300 EX-S WITH A/C,2295000,;
,SUNNY N16 SUPER SALOON 1600,1995000,;
,SKYLINE,3100000,;
,TIIDA 1.6 SC11 MANUAL,2475000,;
,TIIDA 1.6 SC11 AUTOMATIC,2575000,;
,TIIDA 1.8 SC11 MANUAL,2595000,;
,TIIDA 1.8 SC11 AUTOMATIC,2695000,;
,X-TRAIL MPFI M/T NT31,3850000,;
,X-TRAIL ETI M/T NT31,4490000,;
,X-TRAIL MPFI CVT(NEW) NT31,4775000,;
,X-TRAIL 2.0L P NT30,2995000,;
,X-TRAIL 2.2L D NT30,3575000,;
,X-TRAIL 2.5L P NT30,3985000,;
,CARAVAN QD32,3176280,;
,EXPERT,2150000,;
,ADVAN,1729000,;
,TERRANO II 2.4L/MISTRAL,3880000,;
,TERRANO II/MISTRAL,3995000,;
,MISTRAL,3880000,;
,MISTRAL,3995000,;
,MURANO,5775000,;
,LIBERTY,2350000,;
,MARCH/MICRA,1219450,;
,PRESEA,1525500,;
,PRESAGE,3213000,;
,PICK-UP (HIGHRIDER),1600000,;
,PRIMERA,2178000,;
,ALMERA TINO,1700000,;
,CEFIRO/LAUREL,2487520,;
,TEANA,2860640,;
,PULSAR,1726730,;
,PRAIRIE,2995000,;
,SENTRA,1980000,;
,PATHFINDER R51 6M/T TDI,5750000,;
,PATHFINDER R51 5A/T,6600000,;
,AVENIR,2995000,;
,SERENA,3300000,;
,SERENA,3800000,;
,MAXIMA,2167160,;
,BLUEBIRD,1960200,;
,WINGROAD,1995000,;
,WINGROAD,2410070,;
,VANETTE,1800000,;
,FAIRLADY 350Z EFI DOHC ECCS,2290000,NISSAN:;
NISSAN DIESEL:;,CB 31 SXN,7607900,;
,CB 31 SXN (LUXURY BUS - 2X2),7867100,;
,CB 31SNX D/F,6381700,;
,CB 46 TURBO (SXN),6381700,;
,CB 46L TURBO,6877100,;
,CWB 450 PPNA (PM),9386790,;
,CWB 450 PPNA (RIGID),9843760,;
,MKB 210 L SWB 4X2 SHORT WHEEL BASE/COWL CHASSIS ONLY,4046210,;
,MKB 210 L SWB 4X2 SEMI LUXURY BUS(3X2),5386210,;
,MKB 210 L SWB 4X2 DELUXE BUS(3X2),5596210,;
,MKB 210 LWB 4X2 LONG WHEEL BASE BUS/COWL CHASSIS ONLY,4564300,;
,MKB 210 LWB 4X2 SEMI LUXURY BUS(3X2 SEATING),6044300,;
,MKB 210 LWB 4X2 SEMI LUXURY BUS(3X2 FABRIC SEATING),6184300,;
,MKB210 HHRB UD FIGHTER 4X2,4801570,;
,MKB210S (BUS),3103900,;
,NH 41 H5 4X2 CHASSIS COWL ONLY,3173270,;
,NH 41 H5 4X2 SEMI LUXURY BUS,3698400,;
,NH 41 H5 4X2 DELUXE,3783400,;
,NH 41 H5 4X2 BUS CHASSIS COWL ONLY,3032400,;
,NH 41 H5 4X2 SEMI LUXURY BUS,3982400,;
,NH 41 H5 4X2 DELUXE,3982400,;
,NU 41 TRUCK,2434260,;
,PKF210 BUS,4351000,;
,PKF210 TRUCK,5337160,;
,MKB210 ,3138000,;
,PKF 210,4933620,;
,NU41,2155290,;
,NU41,2153790,;
,PKF 210 ,4500000,;
,PKF 210 NHRQ 4X2 TURBO,6862580,;
,PKF 210 NHRQ 6X2 TURBO,7558580,;
,NISSAN DIESEL HTNA,7364000,;
,IVECO AT720,8100000,;
,NISSAN DIESEL CB31,5949700,;
,NISSAN ATLAS,2750000,NISSAN DIESEL:;
OPEL:;,CORSA 1.7D,1495000,;
,CORSA 140I,1250000,;
,ASTRA CDE SALOON,2434000,;
,OPEL KADETTE,2434000,OPEL:;
PEUGEOT:;,202GL,1343020,;
,206,1625000,;
,207,1625000,;
,305 GR,1700000,;
,307 ESTATE,2200000,;
,307 XR 1.6,2100000,;
,307 XT 1.6 SAL,2250000,;
,307 XT AUTO,2600000,;
,405GR,2100000,;
,406 SR,2675000,;
,406 SR ESTATE,2850000,;
,406 ST 2.0,3200000,;
,407 ST 1.8,2825000,;
,407 CF 2.0E,3650000,;
,PARTNER COMBI,1700000,;
,PARTNER VAN,1500000,;
,407 SP 2.0 HDI AUTO,4750000,;
,407 SP 2.0 HDI ,4400000,;
,407 SP 2.0 HDI AUTO,4750000,;
,504GR,2450000,;
,504,1895000,;
,505,2750000,;
,607,5300000,;
,607,6500000,;
,BOXSTER,7721080,;
,BOXSTER S,9408040,;
,BOXSTER SPYDER,9927100,;
,CAYMAN,8337470,;
,CAYMAN S,9975760,;
,CAYMAN R,10754400,;
,911 CARRERA,12619700,;
,912 CARRERA S,14674800,;
,911 CARRERA CABRIOLET,14404000,;
,911 CARRERA S CABRIOLET,16464100,;
,911 CARRERA 4,13641700,;
,911 CARRERA 4S,15701700,;
,911 CARRERA 4 CABRIOLET,15425900,;
,911 CARRERA 4S CABRIOLET,17486000,;
,911 CARRERA GTS,16723600,;
,911 CARRERA GTS CABRIOLET,18313200,;
,911 TARGA 4,14939300,;
,911 TARGA 4S,16999300,;
,911 TURBO,21979100,;
,911 TURBO S,26066700,;
,911 TURBO CABRIOLET,23812100,;
,911 TURBO S CABRIOLET,27915900,;
,911 GT3,18767400,;
,911 GT3 RS,21979100,;
,911 GT2 RS,39740800,;
,PANAMERA,12068300,;
,PANAMERA 4,12798200,;
,PANAMERA S,14566200,;
,PANAMERA 4S,15361000,;
,PANAMERA TURBO,21946700,;
,CAYENNE,7545090,;
,CAYENNE TIPTRONIC S,7764790,;
,CAYENNE DIESEL,7545090,;
,CAYENNE S,10332600,;
,CAYENNE S HYBRID,10981400,;
,CAYENNE TURBO,16999300,PEUGEOT:;
RENAULT:;,LAGUNA ESTATE,2295000,;
,LAGUNA SALOON,2070000,;
,MEGANE II -SEDAN,2425000,;
,MEGANE II -SEDAN,2450000,;
,MEGANE CLASSIC,1485000,;
,PRIME MOVER 6X4,7200000,;
,PRIME MOVER 6X2,6300000,;
,KANGOO (COMBI)-MANUAL,1885000,;
,KANGOO EXPRESS (PANEL VAN)-MANUAL,1450000,;
,KANGOO EXPRESS (PANEL VAN)-MANUAL-WITH A/C,1540000,;
,TRUCK VF6RG06A1REP,8000000,;
,MIDLUM TRUCK 150.05 4X2,4610790,RENAULT:;
SCANIA:;,F114,7500000,;
,P114 340/380 4X2 DAY CAB,5906200,;
,P114 340/380 4X2 SLEEPER CAB,6228360,;
,P114 340/380 6X2 SLEEPER CAB,7840000,;
,P114 340/380 6X2 DAY CAB,7006910,;
,P94GB,9992000,;
,P94 260/310 4X2 SLEEPER CAB,6800000,;
,P94 260/310 4X2 DAY CAB,5584080,;
,P94 260/310 6X2 SLEEPER CAB,7006910,;
,P94 260/310 6X2 DAY CAB,6684750,;
,P118 CB8X4HZ340 DAY CAB,9871510,;
,P124 (6X4),12906800,;
,P124 360/400 6X4 SLEEPER CAB,8800000,;
,P124 380/400 6X4 SLEEPER CAB,8800000,;
,P124 420/400 6X4 SLEEPER CAB,8800000,;
,P124 360/400 6X4 DAY CAB,8200000,;
,P124 360/400 6X2 SLEEPER CAB,7329060,;
,P124 360/400 6X2 DAY CAB,7651220,;
,P124 4X2 SLEEPER CAB,6550520,;
,P124 4X2 DAY CAB,6228360,;
,F94,5900000,;
,P94,5900000,SCANIA:;
SKODA:;,SKODA FABIA 1.4 SEDAN MANUAL,1795000,;
,SKODA FABIA 1.4 COMBI MANUAL,1895000,;
,SKODA OCTAVIA 1.6 SEDAN AUTO,2650000,;
,SKODA OCTAVIA 1.6 SEDAN MANUAL,2445000,;
,SKODA OCTAVIA 1.6 COMBI AUTO,2795000,;
,SKODA OCTAVIA 1.6 COMBI MANUAL,2695000,SKODA:;
SUBARU:;,FORESTER WAGON 2.0 AUTO (SG5),3575000,;
,FORESTER WAGON 2.0 MANUAL (SG5),3355000,;
,FORESTER 2.0XS WAGON MANUAL(SH5),4200000,;
,FORESTER 2.0XS WAGON AUTO(SH5),4350000,;
,FORESTER 2.0XT MANUAL AWD,5100000,;
,FORESTER 2.0XT AUTO AWD,5250000,;
,FORESTER WAGON 2.5XT,5400000,;
,IMPREZA 1.5R - MANUAL ALLOY RIMS,3300000,;
,IMPREZA 1.5R - AUTO ALLOY RIMS,3400000,;
,IMPREZA WAGON 1.5 GG2,2274800,;
,IMPREZA 1.5R - MANUAL,2825000,;
,IMPREZA 1.5R - AUTO,3000000,;
,IMPREZA SPORTS WAGON TS AUTO,2360000,;
,IMPREZA SPORTS WAGON TS MANUAL,2245000,;
,IMPREZA SALOON 1.6TS - AUTO,2221400,;
,IMPREZA SALOON 1.6TS - MANUAL,2135000,;
,IMPREZA 2.0L GX WAGON AWD,2500000,;
,IMPREZA SALOON 2.0L GX,2410000,;
,IMPREZA WRX SALOON 2.5 TURBO AWD,3700000,;
,LEGACY 2.0 R SALOON AWD MANUAL,3950000,;
,LEGACY 2.0I AUTO (SALOON),4200000,;
,LEGACY 2.0 R WAGON AWD AUTO,4300000,;
,LEGACY 2.0I WAGON AWD MANUAL,4100000,;
,LEONE,2745000,;
,OUTBACK WAGON AWD (MANUAL) 6 SPEED,4800000,;
,OUTBACK WAGON AWD AUTO CVT,4950000,;
,OUTBACK WAGON AWD AUTO,6200000,;
,LEGACY WAGON GL AWD AUTO,3830000,;
,LEGACY WAGON GX,4787500,;
,TRIBECA B9 3.0,6150000,;
,TRIBECA 3.6,6950000,SUBARU:;
SUZUKI:;,JIMNY 1.3 JX,1850000,;
,GRAND VITARA 2.4 (MANUAL),3795000,;
,GRAND VITARA 2.4 (AUTO),3995000,;
,SX4 1.6,2600000,;
,SUZUKI ESCUDO,1665000,;
,SUZUKI ESCUDO,2083870,;
,SWIFT,1700000,SUZUKI:;
SSANG YONG:;,MUSSO 602EL,2400000,;
,MUSSO 601,2400000,;
,REXTON,7141380,;
,KORANDO,2400000,SSANG YONG:;
TATA:;,207 DI S/CAB P/UP BASIC,1250000,;
,208 DI D/CAB P/UP BASIC VERSION,1630000,;
,LPK 1615 T.C,3000000,;
,LPK 2523 (6X4) TIPPER,6865000,;
,LPK 2516 (6X4) TRANSIT MIXER STATOR,6475000,;
,LPK 2516 TIPPER (6X4),4990000,;
,LPK 2516 TIPPER (6X4) MIXER STATOR,6450000,;
,LPK 2516 TIPPER (6X4) MIXER GREAVES,6351000,;
,LPO 1316 BUS,2800000,;
,LPT 1518 CAB/ CHASSIS,3640000,;
,LPT 1518 TIPPER,3900000,;
,LPT 1518 SLEEPER CAB/CHASSIS,3695000,;
,LPT 1518 TCM 7.6TM,5500000,;
,LPT 1518 TCM 9.6TM,5625000,;
,LPT 2515 (6X2) CAB/CHASSIS,3995000,;
,LPT 2515 (6X2) TCM 9.6TM,6124000,;
,LPT 2515 (6X2) TCM 11.9 TM,6435000,;
,LPT 2515 (6X4) TCM 7.6 TM,5999000,;
,LPT 2516 (6X4)CAB/ CHASSIS,4491000,;
,LPT 2516 (6X4) TIPPER CHASSIS,4440000,;
,LPT 2516 (6X4) TIPPER ,4880000,;
,LPT 2518 TIPPER,5325000,;
,LPT 1918 (6X2) CAB/CHASSIS,4295000,;
,LPT 509 (TIGER),1650000,;
,LPT 709/34 CAB/CHASSIS,1825000,;
,LPT 709/34 DSLB,2111000,;
,LPT 709/38 LONG WHEEL BASE CAB CHASSIS,1883000,;
,LPT 713 S (BUS),1870000,;
,LPT 713 S DSLB,2152000,;
,LPT 713 S TIPPER,2152000,;
,LPT 713 S CAB CHASSIS,2095000,;
,LPT 913 CAB CHASSIS,2784000,;
,LPT 1116 TC,2688000,;
,LPTA 713 4X4 CAB/CHASSIS,3602000,;
,SA 1212 4X4 CAB CHASSIS,4150000,;
,TATA ACE,669000,;
,TATA SUMO,1600000,;
,407/31,1295000,;
,LPK1615/13,3400000,;
,XENON SC 4X2,1587000,;
,XENON SC A/C 4X2,1638000,;
,XENON SC A/C 4X4,1893000,;
,XENON DC  A/C 4X2,2102500,;
,XENON DC A/C 4X4,2420000,;
,SFC 407 DT DSLB,1677500,;
,LP 713 BUS CHASSIS,1790000,;
,LP 713 28 SEATER MARCOPOLO BUS,3150000,;
,LP 909 BUS CHASSIS,1975000,;
,LP 909 40 SEATER MARCOPOLO BUS,3228000,;
,LPO 1316TC BUS CHASSIS,2938000,;
,LPO 1316TC STAR BUS 60 SEATER,5667000,TATA:;
TIGGO:;,TIGGO,1734610,;
,QQ3 0.8L BASIC,662856,;
,ZX ADMIRAL PICK UP 2.2 LS,1259920,TIGGO:;
TOYOTA:;,ALLION 1490,2195000,;
,ALLION 1800,2333900,;
,ALLION 2000,2609000,;
,AVANZA F602RM MIDDLE SPEC,1918000,;
,AVANZA F602RM SPEC,2207000,;
,AVENSIS AUTO AZT250R-AEPGK(4 SPEED),3549600,;
,CALDINA 1490,1571400,;
,CALDINA 1590,1665000,;
,CALDINA 1800,2014770,;
,CALDINA 2000,2284630,;
,CAMI 1290cc,1471500,;
,CAMI 1760cc,2364600,;
,CAMRY AUTO  ACV40R-AEANKW 2000,3895300,;
,CAMRY AUTO  ACV40R-AEANKW 2400,5218000,;
,CAMRY AUTO  SV40,2383170,;
,CAMRY AUTO  SV41,3036600,;
,CARINA 1590,1964040,;
,CARINA 1760,2307540,;
,CARINA 1990,2609100,;
,CELICA 1400,1826370,;
,CELICA 1900,2087280,;
,CELICA 2000,2609100,;
,CELICA 2200,2870010,;
,CHASER,2539800,;
,COASTER,3830000,;
,CONDOR 4X2,1855000,;
,CONDOR 4X4 FULLY LOADED,2677000,;
,COROLLA AE 1490,1746000,;
,COROLLA AE 1580,2013800,;
,COROLLA G TOURING, 1571400,;
,COROLLA L TOURING,1571400,;
,COROLLA NRE150R-DEFDK(A),2275000,;
,COROLLA NRE150R-DEFDK(A) WITH AC,2299800,;
,COROLLA NRE150R-DEFDK(B),2399800,;
,COROLLA NZE 120R (A) STANDARD,1637000,;
,COROLLA NZE 120R (A/C),1746000,;
,COROLLA NZE 120R (B) FULLY LOADED,1895000,;
,COROLLA NZE 121 SAL,2195000,;
,COROLLA NZE 121 SW,2195000,;
,COROLLA STARLET,1471500,;
,COROLLA TOURING,1571400,;
,COROLLA ZRE151R-DEMNK-(LOADED SPEC) B,2499000,;
,COROLLA ZRE152R-DEFNK (MANUAL),2658000,;
,COROLLA ZRE152R-DEPNK (AUTO),2754000,;
,COROLLA ZZE 122R,2333900,;
,COROLLA ZZE121R,2071980,;
,COROLLA ZZE150R-DEMDK-(BASIC SPEC ) WITH AC,2013000,;
,COROLLA ZZE150R-DEMDK-(BASIC SPEC) A,1857000,;
,COROLLA ZZE150R-DEMNK-(LOADED SPEC ) B,2128000,;
,CORONA,1885680,;
,CORSA,1471500,;
,CROWN,2952000,;
,DUET,1084000,;
,DYNA 3.6L,2619640,;
,DYNA 4.0L,2863000,;
,ESTIMA,2952000,;
,FIELDER(NZE 121),2421000,;
,FORTUNER LAN50 - LX,3950000,;
,FORTUNER LAN50-NKMSEN 3.0L  HI-SPEC,4950000,;
,FORTUNER LAN50-NKMSEN 3.0L  ME-SPEC,4750000,;
,FORTUNER LAN50R - NKMSEN HI SPEC,4487000,;
,FORTUNER LAN50R - NKMSEN ME SPEC,4147000,;
,FUNCARGO,1535000,;
,FUNCARGO,1772980,;
,HARRIER,4360340,;
,HARRIER,5926100,;
,HARRIER 2WD,4480980,;
,HARRIER 4WD,4756740,;
,HARRIER HYBRID,6755940,;
,HARRIER LEXUS RX300,4950000,;
,HARRIER LEXUS RX350,5775000,;
,HARRIER LEXUS RX400,6600000,;
,HARRIER LEXUS RX450,8500000,;
,HIACE (LH114),2197500,;
,HIACE (RZH114),2055000,;
,HIACE BB42R-BRMRS,5464000,;
,HIACE KDH212R-JEMDY ,3982000,;
,HIACE KDH212R-JEMDY WITH A/C,4182000,;
,HIACE LH113,2496100,;
,HIACE LH172,2635740,;
,HIACE LH212R-LEMDE,2734060,;
,HIACE REGIUS ACE,2372180,;
,HIACE TRH203R - REMDK STD BODY,3553000,;
,HIACE TRH212R,2638690,;
,HILUX KUN15R-TRMDYN 4X2 PICK UP,2119000,;
,HILUX KUN25R-PRMDHN-4X4  DELUXE,3895000,;
,HILUX KUN25R-PRMDHN-STD 4X4 PICK UP,3263000,;
,HILUX KUN25R-TRMDHN PICK UP,2150000,;
,HILUX KUN25R-TRMDYN 4X4 PICK UP,2597000,;
,HILUX KUN35R-PRMDHN 4X2 PICK UP,2895000,;
,HILUX LN 145,1555000,;
,HILUX LN166,2433000,;
,HILUX LN167 PICK UP,2700000,;
,HILUX P/UP D/CAB 4X4,2433000,;
,HILUX P/UP S/CAB 4X2,1390000,;
,HILUX P/UP S/CAB 4X2,1555000,;
,HILUX P/UP S/CAB 4X4,1899000,;
,HILUX PICK-UP KUN15T,1750000,;
,HILUX SURF,4750000,;
,HILUX TGN15 PICK UP,1766700,;
,HILUX TGN15R-TRMDKN 4X2 SINGLE CAB PICK UP,2204000,;
,HILUX VIGO DOUBLE CAB 4X4 3.0G,4808320,;
,HILUX VIGO DOUBLE-CAB 4X2 2.5G,2810070,;
,HILUX VIGO DOUBLE-CAB 4X2 2.7E PETROL,3147210,;
,HILUX VIGO DOUBLE-CAB 4X2 3.0G AUTO,4356740,;
,HILUX VIGO DOUBLE-CAB 4X4 2.5E,3853240,;
,HILUX VIGO STANDARD CAB 4X2 2.5J POWER,2135600,;
,HILUX VIGO STANDARD CAB 4X2 2.7J POWER PETROL,2729880,;
,HILUX VIGO STANDARD CAB 4X2 3.0J POWER D4D,3201790,;
,INNOVA ,2047870,;
,INNOVA 2.5L,2938890,;
,INNOVA 2L ,2348760,;
,IPSUM/GAIA,2350000,;
,IST 1.5L,1920000,;
,KLUGER,4480980,;
,LAND CRUISER (HZJ 105R-GCMRS),5231000,;
,LAND CRUISER HDJ 100 /101,8275000,;
,LAND CRUISER HZJ 105R - GNMNS,5708000,;
,LAND CRUISER HZJ 78R - RJMRS (TRV) HARDTOP,5940000,;
,LAND CRUISER HZJ 78R-RJMRS(AMB),4611000,;
,LAND CRUISER HZJ 78R-RJMRS(T/C) HARDTOP,5896990,;
,LAND CRUISER HZJ 79R-TJMRS 4X4 H/DUTY PICK UP,3417000,;
,LAND CRUISER HZJ78R-RJMRS,6237000,;
,LAND CRUISER KDJ150-GKAEY TX-L AUTO,6694000,;
,LAND CRUISER KDJ150-GKAEY VX,8141000,;
,LAND CRUISER KDJ150-GKAEY VX-L,8514000,;
,LAND CRUISER KDJ150-GKFEY TX-L MANUAL,6346000,;
,LAND CRUISER KDJ95/KZJ95/KZJ78,4756000,;
,LAND CRUISER KZJ120R-GKMETQ TURBO PRADO,5679000,;
,LAND CRUISER KZJ120R-GKPETQ TURBO DIESEL 3.0L,6726000,;
,LAND CRUISER LJ120R-GKMEE(STD) 3.0L PRADO  STD SPE,4818000,;
,LAND CRUISER LJ120R-GKMEE(STD) 3.0L PRADO SPEC B,5264000,;
,LAND CRUISER LJ120R-GKMEE(STD) 3.0L SPEC A,5047000,;
,LAND CRUISER LJ150R-GKMEE(STD) 3.0L PRADO TX,5447000,;
,LAND CRUISER LJ78,4095000,;
,LAND CRUISER PRADO GX120,7980270,;
,LAND CRUISER PRADO GX120,8925350,;
,LAND CRUISER TRJ120R-GKMEK(A) 2.7L PRADO SPEC A,4900000,;
,LAND CRUISER TRJ120R-GKMEK(A) 2.7L PRADO SPEC B,5236000,;
,LAND CRUISER TRJ150R-GKMEE(A) 2.7L PRADO TX-L,5700000,;
,LAND CRUISER UZJ 200/100,9670000,;
,LAND CRUISER VDJ200R-GNMNZ-GX 5SPEED 200GX,8900000,;
,LAND CRUISER VDJ200R-GNMNZ-GX 6 SPEED 200GX,9954000,;
,LAND CRUISER VDJ200R-GNTEZ-VX 200 VX 6SPEED,11957000,;
,LAND CRUISER VDJ200R-GNTEZ-VX 200 VX 6SPEED,11957000,;
,LANDCRUISER HZJ76R-RKMRS,5789000,;
,LEXUS,8280000,;
,MARINO,1665000,;
,MARK II 1800,2342980,;
,MARK II 2000,2609100,;
,MARK X 2WD AUTO,4290460,;
,MARK X 4WD AUTO,4704340,;
,MARK X 4WD AUTO,5669480,;
,MARK X ZIO 2WD AUTO,4283820,;
,MARK X ZIO 2WD AUTO,5524710,;
,MARK X ZIO 4WD AUTO,4697450,;
,MIRAGE,2609100,;
,OPA,2600000,;
,PREMIO/ALLION 1490,2195000,;
,PREMIO/ALLION 1800,2333900,;
,PREMIO/ALLION 2000,2609000,;
,PRIUS 2000,3500000,;
,PROBOX 1290,1519430,;
,PROBOX 1360CC,1601880,;
,PROBOX 1490CC,1755000,;
,RAUM 1290CC,1670270,;
,RAUM/ALLEX/RUNX 1490,1929220,;
,RAV4 ACA30R-AWMXKW 2.0L AUTO -5 DOOR SUV,4369000,;
,RAV4 ACA30R-AWMXKW 2.0L MANUAL -5 DOOR SUV,4209000,;
,RUSH,1699640,;
,SIENTA,1772990,;
,SPACIO 1600,1929220,;
,SPACIO 1880,2057720,;
,SPRINTER 1300CC,1562080,;
,SPRINTER 1490CC,1750000,;
,SPRINTER 1590CC,1865500,;
,SPRINTER VAN,2350000,;
,SUCCEED 1490CC,1759550,:;
,SUCCEED 1990CC,2350000,;
,TOWN ACE 1780,1918810,;
,TOWN ACE 2000,2155960,;
,TOWN ACE 2180,2350000,;
,VEROSSA,2609100,;
,VIOS,2195000,;
,VISTA SAL,2350000,;
,VISTA SW,2350000,;
,VITZ/PLATZ/IST/SCION 1.3L,1670000,;
,VITZ/PLATZ/IST/SCION 1L,1280760,;
,VOLTZ,2600000,;
,WISH,2116000,TOYOTA:;
VAUXHALL:;,VAUXHALL BRAVA ,2920720,;
,VAUXHALL VECTRA CDTI SRI AUTO,2686940,VAUXHALL:;
VOLKSWAGEN:;,BEETLE 2.0,3000000,;
,CADDY VAN 1.6 ,1695000,;
,CADDY COMBI 1.6,1895000,;
,CADDY DELIVERY,1305000,;
,CADDY 1.6 VAN,1850000,;
,CADDY VAN 2.0 SDI PANEL VAN MANUAL,2250000,;
,CADDY VAN 2.0 SDI PANEL VAN MANUAL AC,2450000,;
,CADDY 1.6 VAN AC,1950000,;
,VW CITI COM 1.4I,1012500,;
,VW CITI COM 1.4I A/C,1147500,;
,GOLF V COMFORT LINE MANUAL,1935000,;
,GOLF VI COMFORT LINE MANUAL,2950000,;
,GOLF VI COMFORT LINE AUTO,3250000,;
,GOLF IV 1.6 MANUAL,2500000,;
,GOLF GTI,2407500,;
,JETTA 1.6 COMFORT LINE AUTO,3150000,;
,JETTA 1.6 SAL AUTO,2625000,;
,JETTA 1.9 TDI,2695000,;
,JJETTA IV 1.6 AUTOMATIC,2625000,;
,JETTA V 1.6 AUTOMATIC,2800000,;
,JETTA IV 1.9 TDI,2825000,;
,JETTA V 2.0 TDI AUTO,3980000,;
,JETTA/BORA  IV 2.0 ,2650000,;
,MULTIVAN HIGHLINE 2.5 TDI MANUAL,6300000,;
,MULTIVAN HIGHLINE 2.5 TDI AUTO,6500000,;
,PASSAT 1.8 TSI COMFORTLINE AUTO,3995000,;
,PASSAT 1.8 TSI COMFORTLINE AUTO LEATHER PKG,4295000,;
,PASSAT CC 1.8 TSI AUTO LEATHER PKG,4700000,;
,PASSAT SW 1.8 FSI AUTO ,4613250,;
,PASSAT 2.0 FSI AUTO,3750000,;
,PASSAT 2.0 FSI MANUAL,3495000,;
,PASSAT 2.0 FSI AUTO LEATHER,4250000,;
,PASSAT 2.0 TDI AUTO,3995000,;
,PASSAT 2.0 TDI MANUAL,3795000,;
,PASSAT 2.0 HL AUTO,4450000,;
,PASSAT COMFORT LINE,3145500,;
,PASSAT VARIANT,3325500,;
,POLO 1.2 TL MANUAL,1750000,;
,POLO CLASSIC 1.4,1395000,;
,TIGUAN 2.0 TSI TRACK AND FIELD MANUAL FABRIC,3950000,;
,TIGUAN 2.0 TSI TRACK AND FIELD AUTO FABRIC,4250000,;
,TIGUAN 2.0 TDI TRACK AND FIELD AUTO FABRIC,4395000,;
,TOUAREG 2.5 R5 TDI TRACK AND FIELD AUTO FABRIC,6950000,;
,TOUAREG 2.5 TDI 4X4 AUTO/LEATHER,6750000,;
,TOUAREG 2.5 TDI 4X4 MANUAL/CLOTH,5995000,;
,TOUAREG 3.0 V6 TDI AUTO,7750000,;
,TOUREG 3.6 V6 FSI AUTO,8250000,;
,TRANSPOTER 2.5 TDI,4495000,;
,T5 KOMBI VAN 2.5 TDI MANUAL,3995000,VOLKSWAGEN:;
VOLVO:;,NEW S40 MANUAL,4951690,;
,NEW S40 POWERSHIFT,5251730,;
,NEW S40 D MANUAL,5556310,;
,NEW S40 D POWERSHIFT,5831190,;
,NEW S40 T5 MANUAL,6307030,;
,NEW S40 T5 GEARTRONIC,6523310,;
,V50 MANUAL,5055980,;
,V50 POWERSHIFT,5356420,;
,V50 DIESEL MANUAL,5643990,;
,V50 DIESEL POWERSHIFT,5899550,;
,V50 T5,6393830,;
,V50 GEARTRONIC,6610150,;
,S60 MANUAL,4448310,;
,S60 AUTOMATIC,4554850,;
,S60 MANUAL,5568020,;
,S60 T5 MANUAL,5727480,;
,S60 T5 ATOMATIC,5954720,;
,240 GL,1621350,;
,240 GL,1400000,;
,740 GL,4300000,;
,S80 2.5 GEARTRONIC,7602400,;
,S80 D5 GEARTRONIC,8200100,;
,S80 3.0 GEARTRONIC,9394300,;
,NEW XC60 2.4D FWD MANUAL,7242240,;
,NEW XC60 2.4D FWD GEARTRONIC,7444860,;
,NEW XC60 3.0 GT,9075770,;
,NEW XC60 D5 AWD GT,8463060,;
,XC70 GEARTRONIC,8428460,;
,XC 70 D5 DIESEL GEARTRONIC,8549700,;
,V70 MANUAL,4587460,;
,V70 AUTOMATIC,4728530,;
,V70 MANUAL,5889180,;
,V70 GEARTRONIC,6020030,;
,V70 T5 MANUAL,6459750,;
,V70 T5 MANUAL,6459750,;
,V70 GEARTRONIC,6609930,;
,C30 1.6 MANUAL,4020760,;
,C30 2.0 MANUAL,4683780,;
,C30 2.0 POWERSHIFT,4964930,;
,C30 T5 MANUAL,5658460,;
,C30 T5 GEARTRONIC,5868590,;
,NEW FACELIFT C30 1.6 MANUAL,4228090,;
,NEW FACELIFT C30 2.0 MANUAL,4740820,;
,NEW FACELIFT C30 POWERSHIFT,5022000,;
,C70,9534800,;
,C70 FACELIFT,9295440,;
,XC 90 3.2 GEARTRONIC 5 SEAT,9890020,;
,XC 90 3.2 GEARTRONIC 7 SEAT,10282600,;
,XC 90 D5 DIESEL 5 SEATER,10019400,;
,XC 90 D5 DIESEL 7 SEATER,10414400,;
,XC 90 V8 EXEC 7 SEATER,13038700,;
,F10/12 INTERCOOLER,9240770,;
,FH16/520,7830420,;
,F7A-FM12,7830420,;
,VF2/2F5A,6500000,;
,FLIO FL7,5880490,;
,FH 400 FH64TB3HS TWIN CLUTCH 6X4 SLEEPER CAB,11069700,;
,FH 400 FH64TB3HS SINGLE CLUTCH 6X4 SLEEPER CAB,11345500,;
,FH 400 FH64TB3HR SINGLE CLUTCH 6X4 SLEEPER CAB VT2214B,10610600,;
,FH 400 FH64TB3HS SINGLE CLUTCH 6X4 SLEEPER CAB AT2512C,10886900,;
,FH 400 FH42TB3HD SINGLE CLUTCH 4X2 SLEEPER CAB,9503630,;
,FH 400 FM64TB3HS TWIN CLUTCH 6X4 SLEEPER CAB VT2214B,10622300,;
,FH 400 FM64TB3HS SINGLE CLUTCH 6X4 SLEEPER CAB AT2521C,11056400,;
,FH 400 FM64TB3HR SINGLE CLUTCH 6X4 SLEEPER CAB VT2214B,10281700,;
,FH 400 FM64TB3HR SINGLE CLUTCH 6X4 SLEEPER CAB VT2214B,10308200,;
,FH 370 FM62TB1HJ SINGLE CLUTCH 6X2 SLEEPER CAB,10281300,;
,FH 370 FM42TB1HD SINGLE CLUTCH 4X2 DAY CAB,9422790,;
,FM 400 FM64RB3HS 6X4 TWIN CLUTCH DAY,10649800,;
,FM 400 FM64RB3HS 6X4 SINGLE CLUTCH DAY,10895200,;
,FM 400 FM84RB3CS 8X4 TWIN CLUTCH DAY,11830600,;
,FM 400 FM64RB3CS 6X4 TWIN CLUTCH DAY,10973300,;
,FM 330 FM64RB1CS 6X4 SINGLE CLUTCH DAY,10311700,;
,FM 400 FM66RB3CS 6X4 TWIN CLUTCH DAY,12798100,;
,FM 330 FM64RB1HR 6X4 SINGLE CLUTCH DAY,10663500,;
,FM 330 FM62RB1HR 6X2 SINGLE CLUTCH DAY,10491600,;
,FM 330 FM42RB1HD 4X2 SINGLECLUTCH DAY,9564800,VOLVO:;












